Group1,Group2,F,P,R2,sig
Mild,Moderate,28.446232613847023,0.125,0.5322401827528828,ns
Mild,Severe,35.25577348307171,0.045,0.5486786878747931,*
Moderate,Severe,32.30152647897543,0.069,0.5540425513665399,ns
